driverid,first_name,last_name,gender
1,Carmen,Kew,Female
2,Rawley,Whitemarsh,Male
3,Lukas,Skoggins,Male
4,Karlie,Hintze,Female
5,Mona,Kwietak,Female
6,Ellery,Longworth,Male
7,Ciel,Zealy,Female
8,Roselin,Grigoryov,Female
9,Elisha,Patullo,Male
10,Willis,Sessions,Male
11,Christyna,Aris,Female
12,Valle,Hegley,Male
13,Brigitta,Boldock,Female
14,Case,Pamphilon,Male
15,Ulises,Randlesome,Male
16,Jermayne,Lawlie,Male
17,Redd,Banasik,Male
18,Aarika,Brucker,Female
19,Kathye,Winterflood,Female
20,Glenn,Float,Female
21,Dana,Boydell,Female
22,Gabie,MacFadden,Female
23,Waldemar,Goodere,Male
24,Immanuel,Ginnally,Male
25,Trey,Nevinson,Male
26,Kristofer,Burwood,Male
27,Scottie,Desmond,Male
28,Sonnie,Moens,Male
29,Merell,Maud,Male
30,Violet,Tweedle,Female
31,Consuelo,Mannock,Female
32,Winthrop,Frascone,Male
33,Leisha,Huband,Female
34,Adrien,Vankin,Male
35,Helen-elizabeth,Kem,Female
36,Cloe,Maides,Female
37,Nedi,Eskrick,Female
38,Daffi,Loney,Female
39,Catlaina,Rylatt,Female
40,Charmain,Kopta,Female
41,Rudie,Humpatch,Male
42,Sonnnie,Fanti,Female
43,Enrichetta,Frondt,Female
44,Huey,Evill,Male
45,Annette,Burgoyne,Female
46,Valaree,Naton,Female
47,Thaddeus,Whetland,Male
48,Jess,Tregido,Female
49,Kristoforo,Iliff,Male
50,Horten,Luebbert,Male
51,Lisetta,Oneill,Female
52,Nicolais,Walby,Male
53,Fred,Blount,Male
54,Kaitlin,Tosh,Female
55,Estele,Impleton,Female
56,Lucine,Tomankowski,Female
57,Deanne,Laviste,Female
58,Elspeth,Gaishson,Female
59,Temp,Orrett,Male
60,Benoite,Aleshkov,Female
61,Dael,De Meyer,Male
62,Duffy,Chaytor,Male
63,Terrence,McDaid,Male
64,Ianthe,De Domenico,Female
65,Celestyna,Dawber,Female
66,Carine,Capeling,Female
67,Karia,Regus,Female
68,Bette-ann,Ive,Female
69,Vyky,Dripps,Female
70,Bliss,Harriss,Female
71,Piper,Brickstock,Female
72,Arabela,Mennear,Female
73,Dyann,Coule,Female
74,Bobbee,Pinches,Female
75,Randal,Brailey,Male
76,Hyatt,Douberday,Male
77,Tova,Pether,Female
78,Cad,Docwra,Male
79,Dennie,Althrope,Female
80,Lynnell,MacKissack,Female
81,Mackenzie,Worsfold,Male
82,Rustie,Beekmann,Male
83,Delmar,Fleote,Male
84,Curr,Attaway,Male
85,Rosalynd,Chitter,Female
86,Heda,Mc Meekan,Female
87,Moises,Felgat,Male
88,Tuckie,Amps,Male
89,Elenore,Tine,Female
90,Boyce,Pluvier,Male
91,Lyndel,Bestman,Female
92,Gilles,Mahaddie,Male
93,Bronnie,Gallant,Male
94,Alysia,Yersin,Female
95,Jonathon,Shearme,Male
96,Rees,Dickenson,Male
97,Karil,Gerrie,Female
98,Graehme,Battell,Male
99,Levy,Maffetti,Male
100,Sholom,Covolini,Male
101,Sol,Kennady,Male
102,Clemmy,Daal,Female
103,Krishna,Petronis,Male
104,Atlante,Lynd,Female
105,Algernon,Jesse,Male
106,Angelica,Hamlyn,Female
107,Lawry,Toothill,Male
108,Kleon,Pfeffel,Male
109,Arielle,Loyndon,Female
110,Diane,Wasielewski,Female
111,Aloin,Fells,Male
112,Anna,Jatczak,Female
113,Cathie,Grigsby,Female
114,Stefano,Ingleton,Male
115,Lia,Ielden,Female
116,Gerhard,Margrie,Male
117,Aluino,Laville,Male
118,Sherrie,Parrish,Female
119,Nickolai,Abotson,Male
120,Kristos,Sturney,Male
121,Dorey,Renvoise,Female
122,Tallou,Dobble,Female
123,Rochester,Butten,Male
124,Abbye,Limprecht,Female
125,Winthrop,Brinkworth,Male
126,Melodie,Lecordier,Female
127,Hadley,Grangier,Male
128,Sarena,Gutans,Female
129,Colene,Desporte,Female
130,Georgetta,MacCart,Female
131,Louis,Dreossi,Male
132,Charlie,Laurentino,Male
133,Brendis,Ellings,Male
134,Darin,Dorber,Male
135,Florence,Laugheran,Female
136,Minna,Guyon,Female
137,Crin,Vanichkin,Female
138,Tamarah,Sotheby,Female
139,Rosemaria,Feron,Female
140,Adelaide,Twelve,Female
141,Nanon,Kealy,Female
142,Marlow,Duerdin,Male
143,Blair,Pockey,Female
144,Jed,Burditt,Male
145,Tannie,Crasswell,Male
146,Hillier,Hearse,Male
147,Erek,Rogister,Male
148,Lucinda,Summers,Female
149,Cherlyn,Blunsum,Female
150,Dorie,Kembrey,Male
151,Noby,Guiduzzi,Male
152,Loise,Myford,Female
153,Alfred,Royans,Male
154,Catrina,Burwood,Female
155,Veronique,Kyffin,Female
156,Ernaline,Spenclay,Female
157,Evangeline,Sleany,Female
158,Kriste,Fawcus,Female
159,Moishe,Cathee,Male
160,Immanuel,Rivard,Male
161,Adoree,Boast,Female
162,Calvin,Joynson,Male
163,Gradey,Giacopazzi,Male
164,Welby,Barday,Male
165,Jeremias,Tilio,Male
166,Melinda,Ohm,Female
167,Naomi,Corinton,Female
168,Rosamond,Isakov,Female
169,Nana,Rudeforth,Female
170,Hughie,Jamme,Male
171,Ciro,Le Provest,Male
172,Gillan,Bearcock,Female
173,Barbaraanne,Oliver,Female
174,Dorella,Purdom,Female
175,Kellia,Shickle,Female
176,Rosemonde,Hasted,Female
177,Gusti,Dainter,Female
178,Stefa,Bebb,Female
179,Jane,Denzey,Female
180,Clerissa,Norville,Female
181,Ardelis,Lawes,Female
182,Bartel,Dann,Male
183,Avril,Kaming,Female
184,Ario,Andriss,Male
185,Codi,Counsell,Male
186,Blayne,Youtead,Male
187,Edi,Sango,Female
188,Rhody,Webby,Female
189,Silas,Udale,Male
190,Gianni,Dyott,Male
191,Paulita,Lomen,Female
192,Dannie,Spratt,Male
193,Harmon,Shutler,Male
194,Roarke,Stemp,Male
195,Gretchen,Yuill,Female
196,Florance,McAless,Female
197,Pam,Bedberry,Female
198,Arthur,Ashenhurst,Male
199,Zacharia,Dunsford,Male
200,Virgilio,Peinton,Male
201,Audie,Fehner,Female
202,Norbert,Ganiford,Male
203,Clary,Harold,Female
204,Teodor,Niblett,Male
205,Trenton,Piele,Male
206,Laina,Scouse,Female
207,Zeb,Ciottoi,Male
208,Winnifred,Rochford,Female
209,Terri-jo,Drayton,Female
210,Cristina,Worsham,Female
211,Gray,Coiley,Female
212,Terence,Rowthorn,Male
213,Minda,Sheryn,Female
214,Emily,Moran,Female
215,Richard,Abramow,Male
216,Nissa,Baglow,Female
217,Merrie,Sworn,Female
218,Bernelle,Rickaby,Female
219,Emelina,Veness,Female
220,Bryn,Hassell,Female
221,Jonah,Letcher,Male
222,Ileana,Sexty,Female
223,Dacey,Hulks,Female
224,Carlina,Gutridge,Female
225,Dacy,Ashard,Female
226,Genevra,Guidotti,Female
227,Chrissie,Eric,Male
228,Leonid,Corley,Male
229,Barnie,Serginson,Male
230,Hamnet,Marin,Male
231,Astrix,Lidell,Female
232,Janel,Sedworth,Female
233,Maisie,Jaumet,Female
234,Darbie,Cawtheray,Female
235,Shantee,Darwen,Female
236,Milicent,Leet,Female
237,Beverlee,Pitsall,Female
238,Vernen,Defrain,Male
239,Chariot,Poker,Male
240,Estrella,Pedri,Female
241,Gilberto,Remmers,Male
242,Delmore,Muskett,Male
243,Frank,Challens,Female
244,Wheeler,Malin,Male
245,Farrand,Lyptrit,Female
246,Thomasine,Andrei,Female
247,Shirline,Matyasik,Female
248,Pablo,Wile,Male
249,Marsh,Williamson,Male
250,Tandie,Croson,Female
251,Aldin,Loreit,Male
252,Farand,Matysik,Female
253,Sidnee,Hasnip,Male
254,Farra,Godfroy,Female
255,Teresa,Beushaw,Female
256,Fianna,Aloway,Female
257,Jennica,Janik,Female
258,Shea,Parren,Male
259,Beckie,Macak,Female
260,Hymie,Huffa,Male
261,Simone,Haberjam,Female
262,Winne,Pavett,Female
263,Mirella,Cradoc,Female
264,Matthus,McAuslan,Male
265,Antonio,Graeme,Male
266,Kendall,Glavin,Male
267,Spencer,Tiuit,Male
268,Melisa,Sprasen,Female
269,Adrian,Dawkes,Female
270,Carry,Fullard,Female
271,Moises,Elrick,Male
272,Virge,Cardnell,Male
273,Whitman,Tomlett,Male
274,Isidro,Doles,Male
275,Adrian,Tingcomb,Male
276,Tades,Leaney,Male
277,Tedmund,Thouless,Male
278,Elianore,Dalligan,Female
279,Duky,Budd,Male
280,Drusilla,Bagott,Female
281,Ceil,Francey,Female
282,Martie,Chowne,Male
283,Carmine,Loughren,Male
284,Melisandra,Learie,Female
285,Prentiss,Bernocchi,Male
286,Bert,Pinare,Male
287,Diana,Munslow,Female
288,Delcine,Tarborn,Female
289,Corliss,Poge,Female
290,Hendrick,Frensch,Male
291,Milicent,Severn,Female
292,Randal,O' Hanvey,Male
293,Ashley,Campion,Male
294,Padget,Podd,Male
295,Gill,Pixton,Male
296,Marten,Crudgington,Male
297,Lauren,Abelson,Male
298,Shepherd,Hairsnape,Male
299,Alisa,Tytterton,Female
300,Warde,Mathivat,Male
